"","sp","LR","ZB","BIT","LMT","HMC","T","E","Vib","HF","FF","UM","ACP"
"1","Spermophilus_variegatus",-0.412846856690498,1.45605178642907,-0.193608362196805,0.709056915426227,-0.678043650649323,-0.154733720971082,-0.701787924247982,-1.1252103924633,-0.331052937300654,1.19600287993825,1.37078541779768,-1.01256306026656
"2","Ammospermophilus_leucurus",-1.31471542476948,0.748824168925041,-0.0157271008690426,-0.0315814752408524,-1.62708205149793,-1.00333670747963,-1.66550852441917,-0.942864271797911,0.0728486286821565,1.34723503117808,1.00665846667295,-1.45914683108522
"3","Pteromys_volans",-1.13692851075263,1.16698911190712,0.3620877846673,0.293938444068873,1.14703019713646,-0.49576446565566,-0.578683065060275,0.129578166691733,-0.214031412476837,-0.0166549253737198,-0.618388098060865,-0.585526727227851
"4","Glaucomys_volans",-0.75024197276598,1.46999371606839,-0.916598296432629,0.999124170256676,-0.282500373092841,-0.209826081738453,-0.0353819878833285,0.559173264530524,-0.125024131474479,1.5432767087112,0.714878338923113,-0.185556077269056
"5","Sciurus_oculatus",-0.0244268962921808,0.771224202545553,-1.88760419516359,-0.375794617639652,-0.425851628046197,0.188825853388063,0.181542874121442,-0.141777585756079,0.393771295244442,1.64409814287108,1.59966521564752,-0.790022999387235
"6","Sciurus_aureogaster",-0.580011002594844,0.532166582329971,-1.57758423954467,0.152772380051388,-0.558584271521526,0.344168247682945,0.101791086619688,-0.450220684779902,0.0898699413838026,2.65791367525661,1.39159267214767,-0.441176417468286
"7","Sciurus_vulgaris",0.263143437130078,1.91985331243053,-1.04528582518011,0.55951113071364,1.9898824832048,-0.0109516909027962,0.736615315133647,-0.319796849320931,0.906538340381531,0.816242144602679,2.19891414092708,-0.555453746027941
"8","Dryomys_nitedula",-0.135988184837755,0.958789629293237,0.697845246035716,-0.709049663744856,0.198655459505228,-0.0929580246352105,-0.619165072396165,-0.547884030763397,-0.455166675750157,0.584352846034939,-0.753635251335766,-1.09676740762631
"9","Eliomys_quercinus",0.734278759274736,1.14282310053229,0.436960528665832,-0.222381269529325,-0.0688008170975607,0.0067501168191787,0.624962812631192,-0.0332970970212478,0.0948344909217827,2.12019935973722,-0.489383121090959,-1.63808106922468
"10","Muscardinus_avellanarius",-0.570232722323917,0.0730123662082861,0.691995812910831,1.28274548609089,1.31294600148062,-0.39280497176254,-0.725394453348501,-0.655437335833828,-1.49417597191314,-0.657991270446333,-1.31751184422036,0.497100595968887
"11","Sphiggurus_mexicanus",-2.11920121069574,-0.00970974965169348,-1.54833707392024,0.388693747313487,-0.319665513265933,-0.61859333556324,-1.23803894340977,-0.377591297735214,-1.04027429986924,1.0369290615971,1.92217765807228,0.175319697129856
"12","Rattus_fuscipes",2.11212734290534,0.421560607191346,0.732941844785028,0.850867573343335,0.716312769059012,0.250240288341854,0.691954314132665,0.692069589761229,0.576750406787138,0.686854637430824,-1.13440800594049,-0.982490079066655
"13","Rattus_richardsoni",0.916510346142009,-0.905711094472147,-0.111716298448411,0.396428874108965,-0.631587225432957,0.320686257847672,0.778086244634559,0.562263876745192,0.534551735714307,-0.0586638562736726,0.885768318899538,-1.32231476662563
"14","Rattus_leucopus",1.82766828047838,-0.952184193269889,0.0584437111545031,-0.132138123582075,-0.565220903695292,0.476028652142554,0.191113088621652,0.253202655278435,0.218664540826258,0.762470713050739,-0.678729135675821,-0.704315002967493
"15","Rattus_tunneyi",0.303145492783869,0.232879826072517,1.08975726540303,1.03779980423407,0.558360923323371,-0.0503472446187423,-0.444030147042314,-0.961407945085917,-0.476443316627214,-0.792419849326183,0.357472130953423,0.315159059709436
"16","Rattus_villosissimus",0.916510346142009,-0.664050980723892,0.527041798789065,0.589807043995931,0.184718531940318,0.154506022090357,-0.115133775385082,-1.01394835273527,-0.426797821247413,-0.439544829766578,-0.225130990846152,-0.469745749608199
"17","Rattus_sordidus",-0.0204266907268016,-0.450274726254282,0.879177672907161,0.658778591255616,0.0904783550728345,-0.0455966574443756,-0.534691979074308,-1.3724593696367,-0.465804996188685,-0.596378171793069,-0.216808089106158,-0.378023156948476
"18","Rattus_lutreolus",0.978735766047907,-0.0961497134154925,1.19504706165097,0.947556658286818,0.403594661031136,-0.401836506314568,-0.185315348386625,-1.35082508413403,-0.405521180370356,-0.00769302011506313,1.21889246104279,-0.182548779149065
"19","Rattus_exulans",0.538713153856198,0.0646472084246927,-0.449228589754293,0.477647705461491,0.383220200257673,0.396551148084707,-0.427122768091943,-0.340194889937737,-0.253038587418109,-0.204294816726843,-0.110691091921235,0.21742187080973
"20","Rattus_tiomanicus",0.787614833479792,-0.589694022647506,0.0265058062926293,0.135368344761561,0.624063581843659,0.705429629764065,-0.716462253148305,-0.286325519036081,-0.130697902375028,0.235398660025997,-0.481060219350965,-0.47275304772819
"21","Rattus_rattus",0.240920072877971,-0.822059516636213,-0.957544328306826,-0.565949818028501,-0.366121938482299,0.625952125706219,-0.0800429888843106,-0.0679119538255245,-0.412613393996041,-0.349925777180012,-0.759877427640762,-0.48628588926815
"22","Rattus_tanezumi",0.249809418578814,-0.859237995674406,-0.934146595807285,-0.77995499270341,-0.352848674134766,0.418226831009575,-0.175745133886415,-0.333395543065468,-0.465804996188685,-1.11168772416582,-0.907608933525654,-0.194577971629028
"23","Rattus_norvegicus",0.0364651217585911,-1.20313892677769,-0.676771538312331,-1.55991361124751,0.262367128373386,-0.0788688307340468,-0.779306661699687,-0.520686643274322,-0.412613393996041,0.579143738603345,-0.491463846525958,-0.781001105027262
"24","Micromys_minutus",-1.27026869626527,-0.478158585532927,0.144488872421566,0.209496643218232,0.783342754014054,0.0296902145813298,-1.02749422440514,-1.3631875329927,-0.263676907856638,1.28562193252482,-0.0420271525662854,-0.329906387028621
"25","Anisomys_imitator",0.898731654740324,1.1734953457388,0.803135042283652,-0.243008274317268,1.88369636842453,0.676528719197576,-0.709763102998158,1.35036999148542,0.336324364876387,1.49846718241791,1.23553826452278,0.292604323809503
"26","Chiruromys_vates",-1.04359038089379,0.425278455095166,0.0610174617294527,-1.01200879656777,0.146889728549849,0.786713440732317,-0.310047144039368,1.07839611659467,-0.306230189610753,0.0908879377301596,0.232628604853514,0.69858957000828
"27","Chiruromys_forbesi",-1.01247767094084,0.412265987431798,-0.13569897426044,-1.0377925525527,0.0314123287263129,0.893285548446248,-0.373529566890764,0.942409179149302,-0.245946373792423,0.254442708700643,-0.329167262596076,1.18577186544681
"28","Chiruromys_lamia",-0.686683151004955,0.874673320469325,0.0470373165609768,-0.409958094319682,0.668529017407894,0.680141333018387,0.0475598711184953,0.865143873782612,-0.387790646306141,0.0511194831448709,-0.418638456301011,0.823392441987904
"29","Lorentzimys_nouhuysi",-0.47373887474127,-0.292266190341961,-1.4839933095465,-1.41165701433417,0.884883226272681,0.723492698868121,0.59306209763049,1.43999774571078,0.375331539817659,0.97027489123584,0.353310680083426,-0.317877194548657
"30","Pogonomys_macrourus",0.752057450676421,0.467104244013133,0.615953182287322,1.01846198724537,0.14091675959346,0.956506290310444,-0.610232872195969,0.976405913510645,-1.05445872712061,-0.355526967966673,-1.14273090768048,-0.170519586669101
"31","Hyomys_goliath",0.392038949792295,0.509859494907055,2.8153400372442,1.41811020501177,0.9127570814025,0.302623188743616,-0.707849060098116,0.305743062927784,-0.533181025632701,0.214674254115354,0.962963232537982,0.417407195789128
"32","Mesembriomys_gouldii",1.74766416917079,0.0990373015350214,0.422336945853618,0.325523545150411,0.539778353236824,0.504929562709043,1.3937700441481,0.633347957682545,0.644126436231153,1.9241576822041,0.770704202344122,-1.01707400744655
"33","Leporillus_conditor",-0.0182043543015909,-2.87617048349638,-2.88785725951898,-0.259123121807849,-1.95227702801248,-0.405449120135379,1.04605225064045,-0.332777420622535,-0.416159500808884,-1.40294964507216,-1.08030914463053,-0.438169119348295
"34","Uromys_caudimaculatus",1.46320510674383,0.15852286799613,-0.0288883254000345,0.421568036194271,0.433857703743512,0.513961097261071,0.0922208721194774,0.719885099693237,-0.0913361167524715,0.7383855926681,0.0536862174436448,-0.119395518629255
"35","Melomys_leucogaster",-0.914694868231568,-0.738407938800278,-0.532290540127664,0.288137098972265,0.0446855930738459,0.19424477411928,-0.896701292902268,0.111034493403727,-0.359421791803397,0.0180724575035746,-0.327086537161078,0.155772259349916
"36","Melomys_cervinipes",0.858729599086532,-0.124033572694137,0.0640006726231442,0.986232292264211,0.608135664626619,0.559118770021211,-0.0353819878833285,0.460273673661162,-0.104102101278706,0.365346286276518,-0.370781771296046,-0.0938334846093326
"37","Melomys_capensis",-0.0119818123110011,-1.06371963038447,-0.491929451565956,0.580782729401206,0.0526495516823656,0.163537556642385,-0.429993832442006,-0.109017096280603,-0.660840870895047,-1.89585443429828,-1.04285608680056,0.127202927210002
"38","Melomys_burtoni",1.04096118595381,0.680880498482743,1.22429422727539,1.90800156872542,1.35276579452322,0.360425009876595,0.0443697996184252,-0.261909682540207,0.071075575275735,0.140178416652771,-0.645437528715845,-0.785512052207248
"39","Leggadina_forresti",0.245364745728392,-0.394507007696992,-1.02773752580545,0.902435085313193,-0.352848674134766,-0.385579744120918,-0.947742436903391,-0.955226720656582,-1.27077124270403,-0.7476103230329,0.205579174198534,-1.08173091702636
"40","Notomys_alexis",0.880952963338639,0.00144379405976438,-1.26756428392575,0.54146250152419,-0.658133754128023,0.573569225304456,0.436748594127053,0.410823878226481,1.17604245815759,-1.33013416484558,-0.162709227796197,-0.919336818546845
"41","Notomys_fuscus",0.538713153856198,0.373228584441695,-1.25586541767598,0.678761002143936,-0.405941731524897,0.707235936674471,1.57879419115217,1.14329897310269,1.3498016919869,-1.3133305924856,0.482315657053332,-0.553950096967946
"42","Notomys_mitchellii",0.956512401795801,-0.72911331904073,-1.23831711830132,0.166308851943476,-0.55194763934776,0.703623322853659,1.22150618314431,0.936227954719967,1.08029757421083,-1.24051511225901,-0.243857519761138,-0.737395282287393
"43","Notomys_cervinus",0.503155771052828,-0.0840667077280798,-1.63022913766864,0.226900678508059,-0.392668467177364,0.701817015943254,1.72553748015539,0.299561838498449,1.22214184672455,-1.72221751991181,-0.94090054048563,-0.187059726329051
"44","Pseudomys_australis",0.205362690074601,-1.28679050461363,-1.25001598455109,0.520835496736247,-0.744409972386987,-0.0889841494323182,0.564351454129859,0.0430410246810409,-0.0650949263374337,-0.243503152233465,-0.370781771296046,-1.02910319992651
"45","Pseudomys_bolami",-0.108431213165143,-0.589694022647506,-2.10403322078435,0.0179877956401732,-0.850596087167251,0.371262851339029,0.494169881128316,-0.593625091540477,0.0540542625740889,-1.02206867157926,-0.487302395655961,-0.653190934927647
"46","Pseudomys_novaehollandiae",0.436485678296508,-0.831354136395761,-0.799609633934923,0.250106058894495,-0.565220903695292,0.315267337116455,-0.108753632384942,-0.11118052483087,0.109373528854439,-0.551568645499786,-0.530997629790929,-0.547935500727964
"47","Pseudomys_gracilicaudatus",-0.150655605244146,-1.20313892677769,0.288969870606233,0.192092607928405,-0.216134051355176,-0.288039170959015,-0.568474836260051,-1.99985364921422,-0.678571404959262,-1.8790508619383,-0.972111422010607,-0.0427094165694862
"48","Pseudomys_delicatulus",1.0187378217017,-0.905711094472147,-0.717717570186529,1.12159701118509,-0.41921499587243,0.121089344247853,-0.28739763638887,-0.785243048849866,-0.160839810284193,-1.11728891495248,-0.381185398471038,-0.851672610847049
"49","Pseudomys_hermannsburgensis",0.276477455681341,-0.775586417838472,-0.9282971626824,0.475069329862998,-0.618313961085424,0.445321434665659,0.0220392991179341,-0.720340192341847,-0.171478130722722,-1.59899132260528,-0.225130990846152,-0.671234723647592
"50","Pseudomys_higginsi",1.04096118595381,-0.422390866975637,-0.576746231876793,0.16115210074649,-0.41921499587243,0.490479107425799,0.337856377624879,0.438639388158489,0.612211474915567,0.609558204574911,-0.150224875186206,-0.375015858828485
"51","Mastacomys_fuscus",0.752057450676421,0.94391823767796,1.59280851414317,2.84266272317908,1.84387657538194,-0.226624736005225,0.168782588121161,-0.936683047368576,-0.167932023909879,-0.17068767200688,0.259678035508495,0.212910923629743
"52","Zyzomys_argurus",0.836506234834426,-1.21243354653724,-1.77646496579077,-0.0438287593336935,-1.03642178803271,0.101761860306513,-0.233166420887678,0.454092449231827,-0.767224075280335,-1.36374130956554,-0.990837950925593,-0.753935421947343
"53","Hydromys_chrysogaster",-0.452493338516256,-1.36114746269001,-1.64777743704329,-1.56635955024374,-2.86813226799226,0.418226831009575,-1.15190701290788,-0.609078152613815,0.374267707773806,0.105451033775477,0.0828163735336235,-1.68770148820453
"54","Leptomys_ernstmayri",1.41431370538919,-1.17525506749905,0.372031820979605,0.25913037348922,-1.99209682105508,0.672916105376764,0.816367102635401,1.49253815336013,0.949091622135646,1.34163384039142,-1.53806874033019,-1.82002260548413
"55","Leptomys_elegans",0.720944740723472,-0.766291798078923,0.434035812103389,0.264931718585829,-2.33720169409094,0.411001603367952,0.0667003001189162,1.08766795323868,0.54802694160311,1.19600287993825,-1.15937671116047,-1.07571632078637
"56","Pseudohydromys_murinus",-0.314664033424692,-1.74222687283149,0.291894587168676,-0.999116918575305,-2.32392842974341,0.315267337116455,-1.03387436740528,-0.240059054182508,-0.148783047120527,-0.260306724593446,-0.418638456301011,-2.07263564756337
"57","Pseudohydromys_ellermani",-1.47472364738465,-1.63069143571691,1.61620624664271,-7.54174499975098,-2.28410863670081,0.485060186694582,-1.15190701290788,-0.646165499189825,0.0480258809922559,0.973635605707836,0.754682616494634,-1.47418332168517
"58","Xenuromys_barbatus",0.796504179180634,-1.91882464826291,-0.75281416893584,-0.530497153549224,-1.21561085672441,0.102484383070676,-0.452962347242511,2.1044793718643,-0.0767970788198154,0.546096712962049,-0.316682909986085,-0.0261692769095361
"59","Mallomys_aroaensis",0.485377079651143,0.408548139527979,-0.182494439259523,1.33431299806075,-0.262590476571542,0.477834959052959,-0.574153163530176,0.933137342505299,-0.150556100526949,0.943949294538536,0.91032087903252,0.942180717727546
"60","Abeomelomys_sevia",0.0231311032073272,0.0618588224968282,-0.198287908696713,0.709056915426227,0.291568309937959,0.907736003729493,-0.000291201382556933,0.494270408022505,-0.458712782563,0.414076646120464,-0.401992652821023,0.28057513132954
"61","Mus_musculus",-0.584011208160223,-1.03583577110582,-0.129264597823066,-0.625252456793838,0.108397261942004,-0.0815782910996552,-0.310366151189375,-1.02322018937927,-0.600557055076717,-0.187491244366861,-0.248018970631135,-0.660709180227624
"62","Apodemus_agrarius",-0.297329809308049,-1.35185284293046,-0.258537069883032,-0.709049663744856,-0.179632574399461,-0.246494112019687,-1.02430415290507,-1.7155173254648,-0.862968959227094,-0.0978721917802953,-0.198081560191172,-0.886256539226944
"63","Apodemus_uralensis",0.107579887365332,-0.0691953161128025,0.173151094733504,-0.26943662420182,0.836435811404186,0.187019546477658,0.0603201571187759,-0.517596031059655,0.0341960644221685,1.26321716937818,-0.476898768480968,-0.976475482826673
"64","Apodemus_flavicollis",0.209807362925022,-0.45956934601383,-0.288954122132435,-0.625252456793838,0.137598443506576,0.318879950937267,0.0347995851182147,-0.299646057681298,-0.15481142870236,1.31362788645812,-0.516432551745939,-1.02158495462654
"65","Mastomys_natalensis",-0.105764409454891,-2.54156417215264,-2.22687131640694,-0.870198138650661,-1.56071572976026,-0.149314800239865,-0.210835920387187,-1.31682834977269,-1.20339521326002,-2.10309849340471,-1.72533402948006,0.0339766854902825
"66","Cricetulus_longicaudatus",-0.270661772205521,-0.40380162745654,-0.572651628689373,-0.599468700808909,0.385144823588066,-1.68250810579214,0.124121587120179,-0.176701503781823,-1.10410422250041,0.227556992924673,0.561175151039775,-0.64567268962767
"67","Cricetulus_kamensis",-0.0790963723523628,-0.496747825052023,-0.512402467503054,-0.279750126595792,0.555042607236487,-1.80353066878931,-1.44539359091433,0.0492222491103761,-1.48353765147461,-1.44215798057879,-0.0773994849612596,-0.450198311828259
"68","Cricetulus_barabensis",-0.0124262795960432,0.278423462894303,-0.0385398900560953,-0.612360578801373,0.704366831146233,-2.24065694110747,0.00927901311765352,-0.550047459313664,-1.25658681545266,0.0281546009195633,0.643988023352714,-0.765964614427307
"69","Allocricetulus_eversmanni",-0.484450536310786,1.14003471460443,1.37053005539753,-0.747725297722249,2.02306564407363,-3.12574732720621,-0.214025991887257,-0.602896928184479,-1.66084299211675,0.220275444902014,-0.0441078780012839,0.166297802769884
"70","Allocricetulus_curtatus",-0.351554818083189,0.0888132197995182,0.429356265603481,-1.22472478344343,1.19348662235282,-2.9270535670616,-0.474654833442988,-0.143322891863413,-1.74240344881214,-0.120276954926937,0.36163358182342,-0.435161821228304
"71","Tscherskia_triton",0.347592221288082,0.972731558932559,0.890876539156932,-1.02490067456023,2.0097923797261,-0.954566420898682,-0.00348127288262708,-1.03249202602327,-1.13247307700316,0.0320754344702256,-0.630872450670856,0.0159328967703372
"72","Cricetus_cricetus",-0.92358421393241,-0.552515543609313,-0.0308186383312467,-1.08936006452256,0.785333743666184,-2.54772911587642,0.168782588121161,-1.26737855433801,-1.34523948577373,-0.142681718073578,-0.0628344069162702,0.617392520768525
"73","Cricetulus_migratorius",-0.134210315697587,0.116697079078163,0.966919169780441,-0.721941541737321,1.43240538060841,-2.42128763214803,0.15602230212088,-0.468146235624974,-1.89488604176439,-0.064265047060333,-0.884720953740671,0.166297802769884
"74","Cricetulus_sokolovi",-0.151100072529188,-0.431685486735185,-0.428170630504706,-0.979779101586608,0.446201839586717,-2.29484614841964,0.168782588121161,-0.281905943569107,-1.54736757410578,-0.730806750672918,0.633168251090722,-0.465234802428213
"75","Mesocricetus_auratus",-0.586678011870476,-0.78488103759802,-0.910748863307744,-0.934657528612983,1.33285589800192,-3.36056722555894,-0.191695491386766,-0.899595700792565,-2.17502847997898,-0.131479336500258,-0.76195815307576,1.30907108836644
"76","Mesocricetus_brandti",0.00579687909068408,-0.162141513708285,1.59865794726805,-0.548545782738674,1.78414688581804,-3.70376553853601,-0.121513918385222,-0.775971212205863,-2.33460328655691,-0.551568645499786,-0.218888814541156,0.8579763703678
"77","Mesocricetus_newtoni",-0.472849940171186,-0.626872501685699,1.04881123352884,-0.458947230691047,0.816525914882886,-3.32444108735083,-0.909461578902549,-0.831602232069879,-2.28141168436427,-0.0866698102069745,-0.091964563006249,0.0760788591701558
"78","Mesocricetus_raddei",-0.498229022147092,-0.496747825052023,1.59865794726805,-0.285551471692401,1.77751025364427,-3.19799960362244,0.0156591561177938,-1.54862426587275,-1.97644649845978,-0.109074573353616,-0.36453959499105,0.888049351567709
"79","Phodopus_sungorus",-0.0924303909036267,-0.40380162745654,-0.333994757194052,-1.08291412552632,0.90280213314185,-3.79408088405629,-0.386608860041052,-0.76669937556186,-2.23885840261015,-0.46194959291322,0.548898870973284,0.0159328967703372
"80","Phodopus_roborovskii",-0.590233750150813,-1.04513039086537,-1.16227448767781,-1.26340041742082,0.351563464788807,-3.9927746442009,-0.240822592487846,-0.0125899951829751,-2.21048954810741,-0.826026994046145,0.297131093338467,-0.796037595627217
"81","Ondatra_zibethicus",-2.6525619527463,-3.63832930377934,-1.87005589578893,-2.28185877882551,-1.58726225845533,-1.24357552656358,-2.93196690994702,-3.14028955642655,-1.97999260527262,-2.27113421700452,-0.329167262596076,4.79753690755593
"82","Microtus_agrestis",-1.44805561028212,-0.385212387937444,1.47581985164546,1.86932593474802,1.44567864495595,-1.7348910061939,-1.19656801390886,-1.76496712089948,-1.22112574732423,0.416317122435128,0.407409541393387,3.09841346976105
"83","Microtus_levis",-1.48805766593592,-0.468863965773378,1.45242211914592,1.94023126370658,1.47222517365101,-1.45310712817063,-1.45815387691461,-1.80514507969016,-1.27077124270403,0.202351634384701,0.455266226398352,2.27140648676354
"84","Microtus_arvalis",-1.21693262206022,0.154805020092311,2.00811826601003,2.04981222664252,1.79742015016557,-1.54703508751172,-1.38159216091293,-1.94113201713553,-1.21757964051139,0.191709371890046,0.652727070179708,2.57213629876264
"85","Microtus_subterraneus",-1.31471542476948,0.0051616419635838,1.99056996663537,2.33343354247674,1.07402724322503,-1.64457566067362,-1.61127730891798,-1.08503243367262,-1.2353101745756,0.0992897239101501,1.24802261713277,2.24133350556363
"86","Microtus_quasiater",-1.09692645509884,0.327684947619909,2.31228878850406,2.21740664054456,1.27976284061179,-2.83673822154132,-1.5028148779156,-1.83296058962217,-1.00481323174081,-0.389134112686635,1.16479359973283,2.37365462284323
"87","Microtus_oaxacensis",-0.712906720822441,0.575851295199848,2.47607291600085,2.83621678418285,1.61823108147388,-1.87939555902635,-0.66031699474707,-0.782152436635198,-0.745947434403277,-0.232300770660145,0.397005914218394,2.6834063292023
"88","Microtus_mexicanus",-0.772020869733044,0.117626541054118,2.38833141912757,2.33343354247674,1.12048366844139,-1.95164783544257,-0.733688639248684,-1.18702263675665,-0.823961784285822,-0.142681718073578,-0.0108162710413081,2.62476401586248
"89","Microtus_oeconomus",-1.58584046864518,-1.20313892677769,1.31788515727356,1.21828609612857,0.900147480272344,-1.24718814038439,-1.04663465340557,-2.01530671028756,-1.41261551521775,0.00743019500891987,0.619019318132732,3.05330399796118
"90","Arvicola_amphibius",-1.35471748042328,0.578639681127712,2.417578584752,2.05625816563876,1.76423698929674,-0.546341059147016,-1.36883187491265,-1.49608385822341,-0.738855220777592,0.668930826913511,1.05035370080792,4.55695305795665
"91","Myodes_glareolus",-1.03470103519294,-0.543220923849765,0.838231641032964,1.08936731620393,0.849045412534342,-0.835350164811912,-0.782496733199757,-0.88105202750456,-0.972898270425225,0.418557598749792,-0.202243011061169,1.88045773116472
"92","Ototylomys_phyllotis",0.432041005446087,-0.348033908899251,-0.951694895181941,0.321011387853049,-1.38152666106857,0.0804474387637272,0.446318808627264,0.175937349911746,-0.657294764082204,-0.484354356059862,-0.922174011570644,0.933158823367574
"93","Tylomys_nudicaudus",-0.159100483659946,0.10647299734266,-0.457417796129132,0.25719659179035,-0.697953547170622,0.438096207024036,0.165592516621091,0.546810815671854,-0.66438697770789,0.469024327737602,-0.841025719605703,0.791815811727999
"94","Nyctomys_sumichrasti",-0.37688945333059,0.0191035716029061,0.14682864567152,-0.525984996251862,-0.478944685436329,0.252046595252259,0.168782588121161,0.410823878226481,-0.660840870895047,0.228117112003339,-1.20099121986044,0.495596946908892
"95","Otonyctomys_hatti",-0.488895209161207,-0.710524079521634,-0.447473759816827,-1.11514382050748,-0.890415880209849,0.129217725344678,-1.05620486790578,0.0615846979690463,-1.15729582469306,-1.22371153989903,-1.49645423163022,0.540706418708756
"96","Sigmodon_leucotis",-0.553342965492316,-0.961478813029437,0.212342296670236,-0.696157785752392,-1.00987525933765,-0.517440148580527,-0.349604030640238,-1.84532303848084,-0.912614454606895,-1.47016393451209,-0.87223660113068,1.00834127636735
"97","Sigmodon_arizonae",-0.283995790756785,-0.617577881926151,0.23047553935738,-0.275882563198053,-0.55194763934776,-0.102712081951401,-0.409896381991564,-1.16229773903931,-0.0782155215449526,-0.932449618992692,0.575948301628264,1.0910419746671
"98","Sigmodon_mascotensis",-0.0928748581886688,-0.478158585532927,0.322311639418079,-0.805738748688339,-0.810776294124652,0.018129850354734,0.181542874121442,-1.42809038950072,-0.572188200573974,-1.07808057944586,0.311696171383457,0.700093219068275
"99","Rheomys_mexicanus",-0.504451564137682,0.233809288048471,-0.811308500184694,0.754178488399852,-0.518764478478927,0.644015194810275,-2.5172576149379,-0.723430804556514,1.19022688540897,-0.0698662378469934,1.31044438018273,-0.403585190968399
"100","Handleyomys_chapmani",0.352036894138504,-0.552515543609313,-0.869802831433547,-1.31496792939068,-1.05633168455401,0.476028652142554,-0.0513323453836792,-0.0206255869411108,0.334196700788681,0.341821284972545,-1.3924179598803,0.349742988089331
"101","Oligoryzomys_fulvescens",0.27203278283092,-0.589694022647506,-0.577331175189281,-1.01200879656777,-0.671407018475556,0.472416038321743,0.0443697996184252,-0.0645122803893902,0.00157188174401347,0.456085577020417,-1.15729598572547,0.300122569109481
"102","Oryzomys_couesi",0.152026615869545,-0.255087711303768,0.400694043291543,-0.535009310846587,-0.432488260219963,0.474222345232148,-0.554735198309249,-0.714158967912512,0.15923179064301,0.74118618806143,-1.29878531530537,0.551231962128724
"103","Neotoma_leucodon",0.383149604091453,0.424348993119211,1.56941078164363,1.0249079262416,0.31426559197224,-0.248300418930092,0.845077746136032,0.392280204938475,-0.416159500808884,-0.848431757192786,-0.87223660113068,0.680545781288335
"104","Neotoma_albigula",0.334258202736818,-0.103585409223131,0.633501481661978,0.582071917200453,-0.167022973269304,0.0228262483217885,0.768516030134349,0.478817346949167,-0.597010948263874,-0.450747211339899,-1.15729598572547,1.01285222354733
"105","Neotoma_goldmani",0.498711098202407,-0.171436133467833,0.384315630541864,1.48901553397032,-0.0170350861421823,-0.0398345384001818,0.691954314132665,0.552992040101189,-0.401975073557513,-0.61318174415305,-2.3495516599796,0.990297487647401
"106","Neotoma_mexicana",0.520934462454513,0.188265651226685,0.779737309784111,1.39232644902684,-0.155077035356525,0.181600625746441,0.423988308126773,0.22229653313176,-0.526088812007015,-0.366729349539994,-0.718262918940792,1.13615144646696
"107","Nelsonia_goldmani",0.454264369698194,0.83526413268884,1.09560669852792,1.28274548609089,0.12100686307216,0.324298871668483,1.01096146413968,0.797150405059926,0.253345465455862,0.504087782062096,-1.3924179598803,0.853465423187814
"108","Baiomys_taylori",-0.152877941669356,-0.413096247216089,0.13512977942175,0.0595834399828596,-0.624950593259191,-0.578854583534317,-0.449134261442427,-0.902686313007233,-0.572188200573974,-0.355526967966673,-0.0191391727813021,-0.51936616858805
"109","Baiomys_musculus",-0.465782910339016,-1.82587845066743,-1.4839933095465,-1.37298138035677,-2.13810272887795,-0.909408748138542,-0.746767932398971,-1.38791243071004,-1.14311139744169,-1.57658655945864,0.328341974863444,-0.514855221408064
"110","Scotinomys_teguina",0.467598388249458,-0.45956934601383,0.264402251481715,0.934664780294354,-0.266572455875802,-0.5409221384158,0.0507499426185655,-1.01703896494993,-0.146300772351537,0.640364753901543,0.889097479595536,-0.108869975209286
"111","Onychomys_arenicola",0.152026615869545,-0.915005714231696,-0.512402467503054,-1.02490067456023,-2.37702148713354,-0.764904195306094,0.58987202613042,0.135759391121068,-0.419705607621727,0.230357588318003,0.209740625068531,-0.644169040567674
"112","Onychomys_leucogaster",0.667608666518416,-0.580399402887958,0.110562160297231,-0.203688046440252,-1.61380878715039,-0.705296067262709,0.478219523627965,-0.46660092951764,-0.462258889375843,0.159222465327416,0.492719284228325,-0.399074243788413
"113","Megadontomys_cryophilus",1.08540791445802,0.041410659025822,0.255043158481898,0.812191939365942,-0.843959454993484,0.692785481391226,1.11623382364199,0.599351223321202,0.196242507448652,0.41743736059246,-1.26965515921539,0.0730715610501644
"114","Megadontomys_thomasi",0.845395580535268,-0.180730753227382,-0.105866865323525,0.542751689323436,-1.05633168455401,0.653046729362303,1.04286217914038,0.556082652315856,0.170579332444108,0.468800280106136,-0.647518254150844,-0.0712787487093997
"115","Megadontomys_nelsoni",1.08540791445802,0.18733618925073,-0.039066339037335,0.837975695350871,-0.837322822819718,0.69097917448082,1.01096146413968,0.738428772981243,0.0934160481966455,0.558307308876968,-0.976272872880604,0.295611621929494
"116","Peromyscus_aztecus",0.965401747496644,0.447585542518082,0.450414224853068,0.636862398668426,-0.244671569702372,0.383906999711868,0.481409595128035,0.688978977546561,-0.0477190029545033,0.532485819350464,-0.77652323112075,-0.107366326149291
"117","Peromyscus_guatemalensis",1.04540585880423,-0.143552274189189,0.0215337881364768,-0.229471802425181,-1.15588116716051,0.553699849289995,0.813177031135331,0.5900793866772,0.332423647382259,0.171545085058069,-1.03869463593056,-0.141950254529188
"118","Peromyscus_mexicanus",0.823172216283162,-0.152846893948737,0.0406029401236029,-0.0973300530024208,-0.558584271521526,0.299010574922805,0.427178379626843,0.72915693633724,-0.235308053353895,0.164263537035411,-1.43403246858027,0.0445022289102508
"119","Peromyscus_zarhynchus",0.627606610864624,-0.487453205292475,-1.51908990829582,0.508588212643406,-1.42134645411117,0.423645751740791,0.873788389636664,1.00422142344265,0.498736056904593,0.212993896879356,-0.66624478306583,-0.964446290346709
"120","Peromyscus_melanocarpus",1.0187378217017,-0.282971570582413,-0.154417160260073,-0.221736675629702,-1.00987525933765,0.364037623697407,0.698334457132805,0.633347957682545,0.182458790267132,0.451044505312422,-0.893043855480665,-0.0547386090494497
"121","Peromyscus_megalops",0.916510346142009,-0.450274726254282,-0.0214010510001813,-0.255900152309733,-1.04305842020648,0.315267337116455,0.497359952628386,0.552992040101189,-0.171478130722722,-0.0356989740483651,-0.936739089615633,-0.432154523108313
"122","Peromyscus_perfulvus",0.196473344373758,0.0135267997471772,0.46152814779035,-0.844414382665732,-0.281173046658088,0.42003313791998,0.452698951627404,0.302652450713116,-0.490627743878586,0.131216511394114,-0.903447482655657,-0.233672847188911
"123","Peromyscus_melanophrys",0.432041005446087,-0.329444669380154,0.452169054790533,-0.844414382665732,-0.651497121954257,0.580794452946079,0.972680606138838,0.756972446269248,-0.0842439031267856,-0.0474614747003518,-1.20723339616544,-0.379526806008472
"124","Habromys_lophurus",0.569825863809147,0.0107384138193127,0.627652048537093,0.760624427396084,-0.512127846305161,0.387519613532679,0.781276316134629,0.781697343986588,-0.565095986948288,-0.131479336500258,-0.73490872242078,0.617392520768525
"125","Habromys_ixtlani",1.09429726015886,0.354639344922599,0.715393545410372,0.643308337664659,-0.339575409787233,0.559118770021211,0.752565672633998,0.803331629489261,0.396608180694716,0.558027249337635,-1.49645423163022,-0.143453903589183
"126","Habromys_simulatus",0.925399691842852,0.45688016227763,0.55687390772598,0.400941031406328,-0.432488260219963,0.385713306622274,0.647293313131683,0.809512853918596,0.338806639645377,1.15119335364497,0.563463949018273,-0.102855378969305
"127","Habromys_schmidlyi",0.538713153856198,-0.0896434795838086,0.331670732417896,-0.246875837715008,-0.66477038630179,0.235789833058609,0.873788389636664,0.534448366813183,-0.020768591176897,0.399513550075147,-0.300037106506097,-0.450198311828259
"128","Peromyscus_beatae",0.934289037543694,0.0841659099197441,0.343954541980155,0.335837047544383,-0.711226811518155,0.271915971266721,0.631342955631332,0.528267142383848,-0.114740421717235,0.380469501400501,-0.589257941970886,-0.480271293028168
"129","Peromyscus_levipes",0.787614833479792,-0.0375936089303383,0.0789752214228506,0.110100263896331,-0.857232719341017,0.270109664356315,0.513310310128737,0.435548775943821,-0.0725417506444039,0.0287147199982293,-1.22179847421042,-0.362986666348522
"130","Peromyscus_schmidlyi",0.938733710394116,0.10647299734266,0.00100227786812939,0.333903265845513,-0.711226811518155,0.232177219237798,0.676003956632314,0.750791221839913,-0.0189955377704756,0.44992426715509,-1.09071277180552,-0.526884413888028
"131","Peromyscus_spicilegus",0.538713153856198,-0.422390866975637,0.100033180672438,-0.190796168447788,-1.02978515585895,0.257465515983476,0.334666306124809,0.661163467614553,-0.122541856705489,-0.333122204820031,-1.45483972293026,-0.0938334846093326
"132","Peromyscus_hylocetes",1.08540791445802,0.109261383270524,-0.0404702029873075,0.593674607393671,-0.744409972386987,0.324298871668483,0.924829533637786,0.494270408022505,0.0331322323783156,0.479106471153591,-1.57968324903016,-0.400577892848408
"133","Peromyscus_ochraventer",1.15207800721434,0.124132774885802,0.569157717288239,0.230768241905798,-0.234052958224346,0.530217859454722,0.312335805624318,0.528267142383848,-0.0693502545128453,-0.00545254380039899,-1.16353816203047,-0.271264073688798
"134","Peromyscus_gratus",1.04096118595381,0.152016634164446,0.262647421544249,0.178556136036317,-0.558584271521526,0.497704335067421,0.934399748137996,0.676616528687891,0.0583095907495004,-0.0922710009936349,-0.687052037415815,-0.417118032508358
"135","Peromyscus_pectoralis",0.623161938014203,-0.115668414910544,0.0883343144226671,-0.447344540497829,-0.691316914996855,0.562731383842023,0.698334457132805,0.299561838498449,-0.117931917848793,-0.125878145713597,-0.541401256965921,-0.281789617108766
"136","Peromyscus_furvus",1.10763127871013,-0.143552274189189,-0.121660334760716,-0.155343503968511,-0.777593133255819,0.338749326951728,0.497359952628386,0.466454898090497,0.0834869491206853,0.117773653506129,-1.03869463593056,-0.00511819006959942
"137","Neotomodon_alstoni",0.809838197731898,0.355568806898554,1.26524025914959,0.986232292264211,-0.352848674134766,-0.108311633373658,0.557971311129719,0.324286736215789,0.215047511877158,-0.0530626654870122,0.0828163735336235,-0.523877115768036
"138","Peromyscus_eremicus",0.600938573762097,-0.171436133467833,0.0965235207975065,-0.331962232465273,-0.711226811518155,0.504929562709043,0.411228022126492,0.620985508823875,-0.175024237535565,-0.0586638562736726,0.0682512954886342,-0.298329756768716
"139","Peromyscus_melanotis",1.1031866058597,-0.171436133467833,0.025862368648892,-0.194019137945904,-0.916962408904915,-0.206394098608682,0.695144385632735,0.22229653313176,-0.11190353626696,-0.064265047060333,-0.383266123906037,-0.603570515947796
"140","Peromyscus_maniculatus",0.765391469227685,0.32210817576418,0.0947686908600409,0.473135548164129,-0.764319868908287,-0.273588715675771,0.758945815634138,0.451001837017159,0.10618203272288,0.18834865741805,-0.96794997114061,-0.537409957307995
"141","Peromyscus_leucopus",0.223141381476286,-1.75152149259104,-1.2851125833004,-1.59214330622867,-2.09828293583535,-0.0868165811398314,0.258104590123125,-0.0450414234369846,-0.770770182093178,-0.870836520339428,-1.37161070553032,-0.188563375389047
"142","Osgoodomys_banderanus",0.956512401795801,-0.162141513708285,-0.030292189350007,-0.413181063817798,-0.412578363698664,0.248433981431448,0.624962812631192,0.438639388158489,-0.253038587418109,-0.355526967966673,-0.805653387210728,-0.104359028029301
"143","Reithrodontomys_fulvescens",0.347592221288082,-0.67334560048344,0.691995812910831,0.00116389486000718,-0.631587225432957,0.62956473952703,0.299575519624037,-0.377591297735214,0.134550887225624,0.27740759092595,-0.329167262596076,-0.0818042921293681
"144","Reithrodontomys_chrysopsis",0.138692597318281,-0.747702558559827,-0.0959228290112202,-0.172747539258337,-0.445761524567496,0.532024166365128,0.615392598130982,-0.496579867999915,-0.0431090640978075,0.0483188877515407,-1.06990551745554,-0.179541481029074
"145","Reithrodontomys_megalotis",0.0675778317115402,-0.608283262166602,0.627652048537093,-0.148252971072655,-0.751046604560754,0.335136713130917,0.0316095136181446,-0.986132842803257,0.193603849369216,0.120014129820794,0.0349596885286584,-0.188563375389047
"146","Reithrodontomys_mexicanus",0.436485678296508,0.125991698837711,0.639350914786863,-0.012888252151779,-0.243344243267619,0.761425143986639,0.605822383630771,0.491179795807837,0.132068612456634,0.531645640732465,-0.897205306350662,-0.0592495562294362
"147","Reithrodontomys_tenuirostris",0.769836142078106,0.253327989543523,1.03711236727906,0.253973622292234,-0.346212041960999,0.830064806582052,0.864218175136453,0.784787956201256,0.298381021978967,0.687974875588156,-0.287552753896106,-0.350957473868558
"148","Reithrodontomys_bakeri",-0.340887603242178,-0.478158585532927,0.949370870405785,-0.728387480733553,-1.11606137411791,0.73613684724096,0.516500381628807,0.117215717833062,-0.309776296423596,1.38644336668471,-1.43403246858027,-0.537409957307995
"149","Reithrodontomys_microdon",0.245364745728392,0.234738750024426,0.567987830663262,0.314565448856817,-0.425851628046197,0.81019543056759,0.979060749138978,0.209934084273089,0.271075999520077,0.646526063766869,-0.031623525391293,-0.450198311828259
"150","Macrotarsomys_bastardi",1.0187378217017,0.126921160813666,-0.417056707567424,-0.285551471692401,0.675829312799037,0.718073778136904,1.07476289414108,0.577716937818529,0.511502041430828,0.451044505312422,0.299211818773466,-0.570490236627896
"151","Macrotarsomys_ingens",2.02323388589691,1.45326340050121,0.417072456041222,-0.299087943584489,1.87705973625077,1.24551539597534,0.921639462137716,1.09075856545334,0.938453301697117,1.5992886165778,0.134834509408586,-0.299833405828712
"152","Brachyuromys_betsileoensis",-0.332442724826377,0.910457606543586,1.67470057789156,0.837975695350871,1.14039356496269,-0.757678967664472,-0.0513323453836792,-1.74333283539681,-0.426797821247413,0.234278421868665,1.30836365474773,0.37680867116925
"153","Nesomys_audeberti",1.24541613707319,0.457809624253585,-0.852254532058891,-0.460881012389917,0.238475252547827,0.273722278177127,0.1432620161206,0.126487554477065,0.732779106552227,1.32483026803144,0.554932974734779,-0.826110576827126
"154","Nesomys_rufus",0.934289037543694,0.321178713788225,-1.27341371705063,-0.330673044666026,-0.00177083214251939,0.170762784284007,0.00927901311765352,-0.353175461239341,0.483842408290653,0.687974875588156,0.313776896818455,-0.675745670827579
"155","Brachytarsomys_albicauda",-0.67112679602848,1.04894744096086,0.691995812910831,0.382892402216878,1.45895190930348,0.653046729362303,-1.00197365240458,0.481907959163835,-0.80977735703445,1.13999097207165,-0.214727363671159,0.000896406170382332
"156","Gymnuromys_roberti",0.876508290488217,0.246821755711839,-0.154417160260073,-0.538876874244326,0.733568012710805,0.560925076931617,0.235774089622634,0.735338160766575,0.284905816090164,1.18480049836493,-0.637114626975851,-0.375015858828485
"157","Eliurus_minor",0.343147548437661,-0.13425765442964,-0.231044734196071,-0.77995499270341,0.661228722016751,0.147280794448734,-0.0609025598838897,0.685888365331894,-0.572188200573974,0.707579043341468,-0.431122808911002,-0.375015858828485
"158","Eliurus_myoxinus",0.503155771052828,0.134356856621305,-0.152077387010119,-0.792846870695875,0.898156490620214,0.49409172124661,0.484599666628106,0.99494958679865,-0.267223014669481,0.788236190669377,-0.7078592917658,-0.570490236627896
"159","Eliurus_webbi",1.80988958907669,1.54713906007264,0.490775313414776,0.38740455951424,1.70450729973284,1.08656038785965,0.436748594127053,1.24837978840139,0.546963109559257,1.90735410984412,0.284646740728476,-0.570490236627896
"160","Eliurus_tanala",1.00984847600086,-0.24579309154422,-0.277840199195153,-0.721941541737321,0.78400641723143,0.689172867570415,0.0858407291193371,0.905321832573291,-0.235308053353895,0.433120694795109,-0.177274305841187,-0.525380764828032
"161","Dendromus_mystacalis",-0.17243450221121,0.223585206312968,1.07220896602838,0.126795245896573,0.964522812357878,0.513961097261071,0.0252293706180043,-1.11284794360463,0.3473172959962,1.55447909028452,0.467750579008343,-0.675745670827579
"162","Dendromus_melanotis",-0.0359830457032761,-0.645461741204796,0.408883249666382,-0.232694771923297,-0.00110716892514277,0.324298871668483,0.0730804431190565,-0.973770393944587,0.0604372548372062,0.989318939910485,0.799834358434101,-0.916329520426854
"163","Dendromus_mesomelas",-0.127543306421955,0.273776153014529,1.09560669852792,-0.0857273628092028,0.956558853749359,0.732524233420149,-0.124703989885293,-0.380990971171349,0.391289020475452,1.74491957703097,0.558678280517777,-0.886256539226944
"164","Dendromus_insignis",0.0586884860106976,-0.422390866975637,0.108222387047277,0.186935856731419,0.398683553222549,0.5555061562004,0.171972659621231,-0.494725500671115,0.270721388838792,1.70011005073769,-0.466495141305976,-1.12684038882622
"165","Sicista_caudata",0.307590165634291,-1.1659604477395,-0.204137341821598,-1.02490067456023,-0.445761524567496,0.958312597220849,-0.159794776386064,-0.587443867111142,0.095189101603067,1.29682431409814,-0.354135967816058,-1.03662144522649
"166","Sicista_tianshanica",0.0275757760577485,-0.506042444811571,0.259137761669318,0.023144546837159,0.501949549846356,0.689172867570415,0.127311658620249,-1.16847896346864,-0.0353076291095531,1.68330647837771,-0.260503323241126,-1.09676740762631
"167","Sicista_subtilis",-0.563565713048285,-1.24961202557543,0.34980397510504,0.0502819500112965,0.348112416058449,0.112419071077906,-0.643728622946706,-1.72787977432347,-0.42325171443457,0.849849289322641,0.26592021181349,-1.03662144522649
"168","Sicista_pseudonapaea",-0.31421956613965,-0.952184193269889,-0.220515754571277,-0.0786368299133474,-0.2154703881378,0.49409172124661,0.162402445121021,-1.4775401849354,-0.327506830487811,0.604517132866917,-1.68371952078009,-1.0666944264264
"169","Sicista_betulina",-0.0586508772404248,-0.654756360964344,-0.508892807628123,-0.451856697795192,0.0287576758568064,0.586213373677295,-0.248159756938007,-1.42190916507138,0.0313591789718941,1.28002074173816,-0.106529641051238,-0.796037595627217
"170","Sicista_caucasica",0.298700819933448,-0.413096247216089,0.423506832478595,0.928218841298122,0.57827081984467,0.922186459012737,-0.504003491243633,-1.40027487956871,0.885261699504473,2.08099102423059,-0.481060219350965,-1.30727827602568
"171","Sicista_napaea",-0.790244028419771,-1.19384430701814,-0.210571718258972,-0.394487840728725,-0.216134051355176,0.519380017992288,-0.233166420887678,-1.64134263231278,-0.288499655546539,1.42565170219133,-0.603823020015876,-1.00654846402658
"172","Paradipus_ctenodactylus",-0.768465131452707,-0.375917768177896,-0.852254532058891,-0.208844797637238,0.382954734970723,0.618726898064596,1.66492612165406,1.85104917026156,2.62285403779751,0.0992897239101501,2.06158626221718,0.888049351567709
"173","Salpingotus_crassicauda",-0.748464103625811,0.606523540406357,-0.269066049507825,0.422857223993517,0.608799327843996,0.916767538281521,-1.22208858590942,0.695160201975897,1.09448200146221,-0.854032947979447,2.72949912685169,0.046005877970246
"174","Cardiocranius_paradoxus",-1.4213875731796,-0.738407938800278,-0.916598296432629,-0.15727728566738,-0.129857833096212,0.0439600391735341,-1.61127730891798,1.22674550289872,1.20086520584749,-1.57098536867198,2.47773134921688,-0.0742860468293911
"175","Euchoreutes_naso",0.285366801382184,0.56283882753648,-0.618277207063478,-0.0483409166310561,0.0752141010731716,1.02695225981626,3.27272215768941,1.89431774126691,2.3001583178288,0.26900580474596,2.54639528857183,-0.13443200922921
"176","Zapus_hudsonius",0.352036894138504,-0.924300333991244,0.0379706952174046,0.0818670510928343,0.285595340981569,0.882447706983814,-0.481353983593135,-0.252390596919031,1.39235497374101,1.39764574825803,0.659801536658703,-0.465234802428213
"177","Allactaga_elater",-2.91479765092115,1.58152915318297,-1.39625181267322,-0.393198652929478,0.508586182020122,0.821033272030024,2.1944779906657,1.5141724388628,2.32143495870586,-1.2853246385523,0.616522447610734,0.316662708769431
"178","Allactaga_vinogradovi",-2.54588980433619,1.84549635435414,-1.05113525830499,-0.0612327946235205,1.02027052261752,0.822839578940429,2.12429641766416,1.3998197869201,2.2008673270692,-1.55418179631199,0.619643535763232,0.256516746369613
"179","Allactaga_severtzovi",-1.29249206051738,2.0499779890642,-0.441039383379454,0.734840671411156,1.38594895539205,0.837290034223674,2.9856157226831,1.2947389716214,2.5306552606636,-1.10608653337916,0.193094821588543,-0.16450499042912
"180","Allactaga_major",-2.42143896452439,1.96632641122827,0.0391405818423816,0.0398395288374004,0.836435811404186,0.660271957003925,2.30613049316816,-0.00702689319657354,2.14412961806372,-1.47576512529875,0.22430570311352,-0.104359028029301
"181","Allactaga_williamsi",-2.14586924779827,1.44118039481379,-0.30708736481958,0.413188315499169,1.10721040409386,0.866190944790164,2.54538585567342,1.22674550289872,2.58384686285624,-0.988461526859296,0.908032081054022,0.226443765169703
"182","Allactaga_bullata",-0.968030942436623,1.71072436784069,-1.47814387642162,0.232057429705044,0.358465562249524,0.479641265963365,1.73191762315553,1.68106549845485,2.30725053145449,-0.489955546846522,1.17311650147283,-0.104359028029301
"183","Allactaga_sibirica",-1.65695523425193,1.10006784963837,-1.75306723329123,-0.261701497406342,-0.0727827964018206,0.718073778136904,2.59642699967454,1.94685814891626,2.54838579472781,-0.775616276966202,1.18143940321282,-0.0742860468293911
"184","Allactaga_balikunica",-1.18137523925685,1.78972863579685,-1.44304727767231,0.148904816653649,0.589553094540073,0.766844064717856,2.0030737006615,2.15083855508432,2.41717984265262,-1.09488415180584,0.763213590778127,0.286589727569521
"185","Eremodipus_lichtensteini",-1.99475037088394,0.966225325100875,-0.528195936940245,-0.362258145747564,-0.565220903695292,0.564537690752428,-0.399688153191339,1.60380019308816,2.18668289981783,-1.13409248731247,1.52683982542257,-0.16450499042912
"186","Jaculus_blanfordi",-2.00808438943521,1.90126407291143,-0.93999602893217,-1.41165701433417,0.601499032452853,0.615114284243785,0.395277664626141,1.46781325564279,2.28242778376459,-1.97987229609818,1.76820397588239,0.286589727569521
"187","Dipus_sagitta",-1.11914981935095,1.92914793219008,-0.00800584914419399,-0.474417484282004,0.0878237022033279,0.481447572873771,-0.00667134438269723,1.95303937334559,2.48455587209664,-0.876437711126088,2.35704927398697,-0.0742860468293911
"188","Stylodipus_andrewsi",-1.7769614012133,1.26272369543047,-0.324635664194236,-0.302310913082605,0.799270671231093,0.389325920443085,-0.845022134601132,1.28855774719207,1.89235603435187,-1.37494369113886,1.92217765807228,0.196370783969793
"189","Allactodipus_bobrinskii",-2.15031392064869,2.24516500401472,-0.793760200810038,-0.071546297017492,0.501949549846356,0.819226965119618,0.781276316134629,2.12302304515231,2.44554869715536,-1.16769963203243,0.742988939549942,-0.254723934028848
"190","Pygeretmus_pumilio",-2.99924643507916,2.18010266569788,-2.30291394703045,-0.57368494482398,0.963195485923125,0.46519081068012,0.975870677638908,1.31637325712408,1.82143389809501,-2.61840804577747,0.43029752117837,0.827903389167891
"191","Pygeretmus_platyurus",-3.46149241152298,3.08168078237406,-1.48984274267139,0.280401972176786,2.0297022762474,-0.15744318133669,0.813177031135331,0.722975711907905,1.14412749684201,-3.02729497320368,0.601957369565745,1.12863320116698
"192","Pygeretmus_zhitkovi",-3.70594941829615,2.52400359680117,-1.04528582518011,0.0847677236411388,1.7708736214705,0.224951991596175,1.9169417701596,0.157393676623741,1.46327710999787,-2.68562233521739,0.586143856259757,0.617392520768525
"193","Cratogeomys_fumosus",1.10763127871013,3.18392159972909,3.67520670660234,-0.0141774399510255,1.38594895539205,-1.19119262616182,-3.0946605564506,-2.96103404797583,-0.951621629548168,1.12318739971167,3.55970857541609,1.54514399078573
"194","Dipodomys_nelsoni",0.583159882360411,0.650208253276234,0.896725972281817,-0.986225040582841,0.197991796287851,0.694591788301632,-1.06258501090592,1.2761952983334,1.27887955573004,-2.06389015789809,1.39367339758267,0.826399740107895
"195","Dipodomys_ordii",0.765391469227685,0.325826023667999,0.157942568608802,-0.702603724748624,-0.148440403182758,0.459771889948903,-0.9254119364029,1.09075856545334,1.12285085596495,-1.17330082281909,1.91593548176729,0.136224821569974
"196","Dipodomys_phillipsii",0.98762511174875,-0.0190043694112418,-0.168455799759798,-0.545322813240558,-0.0309720137070919,0.631371046437435,-0.544102689999515,1.1803863196787,0.686679717985269,-1.35253892799222,1.25426479343777,0.194867134909798
"197","Dipodomys_merriami",1.05873987735549,0.130639008717486,-0.336919473756495,-0.792846870695875,0.23183862037406,0.728911619599338,-0.957312651403601,1.09693978988268,1.22568795353739,-1.6101937041786,1.58718086303753,0.154268610289921
"198","Chaetodipus_baileyi",0.57871520950999,0.935553079894366,0.261477534919272,-0.657482151774999,-0.678043650649323,0.710848550495282,-1.28589001591083,0.608623059965205,0.477104805346251,-0.17068767200688,1.27091059691776,0.58581589050862
"199","Chaetodipus_nelsoni",-0.263105828359805,0.0256098054345899,-0.64167493956302,-0.264924466904458,-1.22888412107194,0.466997117590526,-1.566616307917,0.25938387970777,0.24412558774247,-0.433943638979918,1.11277546385787,0.21742187080973
"200","Chaetodipus_intermedius",0.303145492783869,0.679951036506789,0.18660479092074,0.0845098860812895,-0.737773340213221,0.571762918394051,-1.92071424442479,0.528267142383848,0.619303688541253,-0.181890053580201,1.42488427910764,0.445976527929041
"201","Chaetodipus_penicillatus",0.449819696847772,0.64556094339646,0.140979212546635,-0.181771853853063,-0.452398156741263,0.797551282194751,-2.64486047494071,0.580807550033197,0.243770977061186,0.207392706092696,1.50603257107259,0.361772180569295
"202","Perognathus_merriami",0.192028671523337,0.357427730850463,0.0725408449854767,-1.32141386838691,-0.930235673252448,-0.0259621013282667,-2.43431575593608,-0.277257662798246,-0.0179317057266227,0.00350936145825765,1.36662396692769,0.373801373049258
"203","Perognathus_flavus",0.232030727177128,0.481046173652455,-0.201212625259156,-0.599468700808909,-0.64486048978049,-0.17659003458699,-2.13444903492949,-0.117670810481672,-0.0494920563609248,-0.792419849326183,1.23761898995778,0.354253935269318
"204","Heteromys_desmarestianus",0.356481566988925,-0.72911331904073,-0.0666756633867936,-0.676819968763695,-0.379395202829831,0.65846565009352,-0.35151807354028,0.451001837017159,0.551927659097237,0.0494391259088728,-0.920093286135645,0.66550929068838
"205","Heteromys_gaumeri",0.33870287558724,-1.24961202557543,-1.13302732205339,-1.26340041742082,-1.3947999254161,0.485060186694582,-0.428398796691971,0.0677659223983815,0.376040761180227,-0.966056763712655,-1.74614128383004,-0.0893225374293461
"206","Liomys_pictus",0.312034838484712,-0.766291798078923,-0.459172626066598,0.355819458432703,-0.3263021454397,0.53924939400675,-0.254539899938148,0.0770377590423841,0.580296513599981,0.0729641272128464,1.00665846667295,-0.00812548818959083
"207","Liomys_irroratus",0.378704931241031,-0.571104783128409,0.111732046922208,0.0399039882273627,0.00221114716174047,0.327911485489295,-0.551886464459686,-0.484835541584179,0.323912991031436,-0.495556737633182,1.0774031314629,0.273056886029563
"208","Castor_fiber",0.209807362925022,3.79736650385928,2.52871781412482,1.34720487605321,3.20438617100406,-0.622205949384052,-2.27481218093257,-2.01221609807289,0.824977883686143,2.28263389255037,0.754682616494634,4.0457123775582
